CONSULTA DE CENTROS Y SERVICIOS EDUCATIVOS;;;;;;;;;;;;
AREA TERRITORIAL;CODIGO CENTRO;TIPO DE CENTRO;CENTRO;DOMICILIO;MUNICIPIO;DISTRITO MUNICIPAL;COD. POSTAL;TELEFONO;FAX;TITULARIDAD
Madrid-Capital;28043673;EEI;LOS TITERES;Plaza De Alloz, 1 ;Madrid;Carabanchel;28025;914652070;914652070;Público;
Madrid-Capital;28049146;EEI;PIRUETAS;Avenida Canillejas A Vicalvaro, 82 ;Madrid;San Blas-Canillejas;28022;917601049;917755605;Público;
Madrid-Oeste;28002695;CP PRI;FELIPE II;Calle De Alfonso Xiii, 5 ;Escorial, El;-;28280;918960697;918909153;Público;
Madrid-Oeste;28063970;CP INF-PRI;AGORA;Calle De Gutiérrez Soto, 12 ;Boadilla del Monte;-;28660;916337147;916337146;Público;
Madrid-Capital;28004989;CP INF-PRI;AGUSTINA DIEZ;Calle Del Vesubio, 5 ;Madrid;Puente de Vallecas;28038;917770073;917773052;Público;
Madrid-Norte;28044641;CP INF-PRI;ALDEBARAN;Calle De La Salvia, 1 ;Tres Cantos;-;28760;918043398;918043535;Público;
Madrid-Norte;28003420;CP INF-PRI;ALEJANDRO RUBIO;Calle Prado Panetes, 36 ;Guadalix de la Sierra;-;28794;918470256;918470773;Público;
Madrid-Sur;28035615;CP INF-PRI;ALFONSO R. CASTELAO;Calle De Azorín, 24 ;Móstoles;-;28935;916183975;916179850;Público;
Madrid-Capital;28005003;CP INF-PRI;ALFONSO X EL SABIO;Calle De La Fuente De San Pedro, 6 ;Madrid;Vicálvaro;28032;913719661;917765962;Público;
Madrid-Capital;28077865;CP INF-PRI;ALFREDO DI STEFANO;Calle De Félix Candela, 4 ;Madrid;Hortaleza;28055;660906527;912723215;Público;
Madrid-Este;28074591;CP INF-PRI;ALFREDO LANDA;Avenida De Lisboa, 9 ;Coslada;-;28822;916715082;916716036;Público;
Madrid-Este;28074581;CP INF-PRI;ALICIA DE LARROCHA;Calle Río Guadarrama, 5 ;Alcalá de Henares;-;28803;918899076;918899076;Público;
Madrid-Sur;28049444;CP INF-PRI;ALONSO CANO;Calle De Alonso Cano, 1 ;Móstoles;-;28932;916183187;916183187;Público;
Madrid-Capital;28066302;CP INF-PRI;ALVARO DE BAZAN;Calle De Zurich, 10 ;Madrid;San Blas-Canillejas;28022;917757114;913067517;Público;
Madrid-Capital;28018401;CP INF-PRI;AMADEO VIVES;Calle De Los Yébenes, 6 ;Madrid;Latina;28047;917183389;917199055;Público;
Madrid-Capital;28010412;CP INF-PRI;AMADOR DE LOS RIOS;Paseo Del Marqués De Zafra, 16 ;Madrid;Salamanca;28028;917252610;917261891;Público;
Madrid-Capital;28005854;CP INF-PRI;AMOS ACERO;Calle De Rodríguez Espinosa, 54 ;Madrid;Puente de Vallecas;28053;914785161;914772415;Público;
Madrid-Sur;28028362;CP INF-PRI;ANDRES MANJON;Calle Galicia, 25 ;Fuenlabrada;-;28942;916081704;916082968;Público;
Madrid-Este;28037752;CP INF-PRI;ANDRES SEGOVIA;Calle Circunvalación, 10 ;Torrejón de Ardoz;-;28850;916565434;916784135;Público;
Madrid-Sur;28023017;CP INF-PRI;ANDRES TORREJON;Calle Juan De Austria, 2 ;Móstoles;-;28931;916461167;916480429;Público;
Madrid-Este;28002671;CP INF-PRI;ANGEL BERZAL FERNANDEZ;Camino Del Fresno De Torote, S/n ;Daganzo de Arriba;-;28814;918841258;918782503;Público;
Madrid-Norte;28057027;CP INF-PRI;ANGEL LEON;Calle De Las Moradas, 3 ;Colmenar Viejo;-;28770;918458083;918458084;Público;
Madrid-Sur;28057040;CP INF-PRI;ANTON SEVILLANO;Calle Ruiseñor, 1-3 ;Sevilla la Nueva;-;28609;918124093;918124064;Público;
Madrid-Este;28074608;CP INF-PRI;ANTONI TAPIES;Calle Venezuela, 12 ;Coslada;-;28823;916714733;916714733;Público;
Madrid-Norte;28037740;CP INF-PRI;ANTONIO BUERO VALLEJO;Calle Vizcaya, 28 ;San Sebastián de los Reyes;-;28701;916527825;916537253;Público;
Madrid-Este;28000054;CP INF-PRI;ANTONIO DE NEBRIJA;Calle San Ignacio De Loyola, 13 ;Alcalá de Henares;-;28806;918882368;918882368;Público;
Madrid-Capital;28021215;CP INF-PRI;ANTONIO DE NEBRIJA;Calle De Juan José Martínez Seco, 77 ;Madrid;Villaverde;28021;917963500;915051317;Público;
Madrid-Capital;28072478;CP INF-PRI;ANTONIO FONTAN;Avenida Santuario De Valverde C/v Monasterio Arlanza, S/n ;Madrid;Fuencarral-El Pardo;28049;911722243;911720001;Público;
Madrid-Norte;28000601;CP INF-PRI;ANTONIO MACHADO;Calle De Miraflores, 59 ;Alcobendas;-;28100;916526807;916639504;Público;
Madrid-Norte;28031521;CP INF-PRI;ANTONIO MACHADO;Avenida De Valencia, 5 ;San Sebastián de los Reyes;-;28702;916534935;-;Público;
Madrid-Capital;28005039;CP INF-PRI;ANTONIO MACHADO;Calle De Allariz, 3 ;Madrid;Carabanchel;28044;915088661;914006788;Público;
Madrid-Sur;28030381;CP INF-PRI;ANTONIO MACHADO;Avenida De La Reina Sofía, 42 ;Leganés;-;28919;916881997;916808775;Público;
Madrid-Este;28031531;CP INF-PRI;ANTONIO MACHADO;Calle Plata, S/n ;Torrejón de Ardoz;-;28850;916768492;916769638;Público;
Madrid-Sur;28034027;CP INF-PRI;ANTONIO MACHADO;Calle Lago Tiberíades, 1 ;Parla;-;28981;916983566;916053921;Público;
Madrid-Sur;28049390;CP INF-PRI;ANTONIO MACHADO;Calle De La Comunidad De Madrid, 4 ;Fuenlabrada;-;28944;916900158;916154515;Público;
Madrid-Oeste;28041731;CP INF-PRI;ANTONIO MACHADO;Calle Ignacio González, 15 ;Collado Villalba;-;28400;918513622;918490423;Público;
Madrid-Norte;28039359;CP INF-PRI;ANTONIO MACHADO;Calle De Miguel De Cervantes, 7 ;Colmenar Viejo;-;28770;918455004;918457333;Público;
Madrid-Este;28073926;CP INF-PRI;ANTONIO MINGOTE;Calle Arturo Soria, 7 ;Alcalá de Henares;-;28806;918786065;918786119;Público;
Madrid-Norte;28043387;CP INF-PRI;ANTONIO OSUNA;Sector Islas, 26 ;Tres Cantos;-;28760;918038300;918045289;Público;
Madrid-Sur;28023145;CP INF-PRI;ANTUSANA;Calle Del Río Sil, 60 ;Móstoles;-;28935;916471347;916463087;Público;
Madrid-Capital;28033941;CP INF-PRI;ARAGON;Avenida De Rafael Alberti, 2 ;Madrid;Puente de Vallecas;28038;913039852;913806367;Público;
Madrid-Capital;28021124;CP INF-PRI;ARQUITECTO GAUDI;Calle De Rosa Jardón, 10 ;Madrid;Chamartín;28016;913506564;913506564;Público;
Madrid-Capital;28035524;CP INF-PRI;ASTURIAS;Calle De Los Asturianos, 2 ;Madrid;Puente de Vallecas;28018;917770635;917850680;Público;
Madrid-Sur;28077336;CP INF-PRI;AVERROES;Avenida De Francia Esquina Calle Suiza ;Arroyomolinos;-;28939;676587715;917031869;Público;
Madrid-Norte;28060233;CP INF-PRI;BACHILLER ALONSO LOPEZ;Calle Francisco Largo Caballero, S/n ;Alcobendas;-;28100;916618157;916612505;Público;
Madrid-Sur;28035381;CP INF-PRI;BELLAS VISTAS;Calle De Sahagún, 32 ;Alcorcón;-;28925;914880223;914880713;Público;
Madrid-Este;28069741;CP INF-PRI;BENITO PEREZ GALDOS;Calle León Felipe, 32 ;Arganda del Rey;-;28500;918759191;918759191;Público;
Madrid-Sur;28037533;CP INF-PRI;BLAS DE OTERO;Avenida Del Oeste, 4 ;Alcorcón;-;28922;916439985;916439985;Público;
Madrid-Capital;28031063;CP INF-PRI;BREOGAN;Calle De Ginzo De Limia, 2 ;Madrid;Fuencarral-El Pardo;28029;917304040;917396184;Público;
Madrid-Sur;28029937;CP INF-PRI;BUENOS AIRES;Calle Cañada Real De Toledo, 24 ;Pinto;-;28320;916912548;916924128;Público;
Madrid-Oeste;28060336;CP INF-PRI;CANTOS ALTOS;Camino De La Fonda, S/n ;Collado Villalba;-;28400;918499966;918498568;Público;
Madrid-Sur;28065528;CP INF-PRI;CARLOS CANO;Avenida De Nuevo Versalles, 2 ;Fuenlabrada;-;28942;916045480;916045480;Público;
Madrid-Sur;28023297;CP INF-PRI;CARLOS RUIZ;Calle De Luis Zapata, 3 ;Navalcarnero;-;28600;918110553;918113817;Público;
Madrid-Capital;28010473;CP INF-PRI;CARMEN CABEZUELO;Calle De Cangas De Onís, 7 ;Madrid;San Blas-Canillejas;28037;913040117;913049991;Público;
Madrid-Sur;28000856;CP INF-PRI;CARMEN CONDE;Avenida Del Oeste, 2 ;Alcorcón;-;28922;916448242;916440016;Público;
Madrid-Oeste;28063994;CP INF-PRI;CARPE DIEM;Calle Rio Ebro, 2 ;Villanueva del Pardillo;-;28229;918100254;918123577;Público;
Madrid-Este;28031971;CP INF-PRI;CARRETAS;Calle Grupo Escolar, 1 ;Arganda del Rey;-;28500;918710827;918710827;Público;
Madrid-Norte;28033655;CP INF-PRI;CASTILLA;Plaza De Castilla, 4 ;Alcobendas;-;28100;916530448;912296976;Público;
Madrid-Este;28000078;CP INF-PRI;CERVANTES;Calle Giner De Los Ríos, 5 ;Alcalá de Henares;-;28800;918889973;918816276;Público;
Madrid-Sur;28070706;CP INF-PRI;CHAVES NOGALES;Calle De Berlín C/v A C/ Atenas, S/n ;Alcorcón;-;28922;914983286;916890325;Público;
Madrid-Norte;28058551;CP INF-PRI;CHOZAS DE LA SIERRA;Avenida De Las Islas, S/n ;Soto del Real;-;28791;918479337;918478374;Público;
Madrid-Capital;28019439;CP INF-PRI;CIUDAD DE BADAJOZ;Calle De Fray José Cerdeiriña, 51 ;Madrid;Latina;28024;917065611;917107103;Público;
Madrid-Norte;28042826;CP INF-PRI;CIUDAD DE COLUMBIA;Sector Pueblos, 19 ;Tres Cantos;-;28760;918032800;918040934;Público;
Madrid-Capital;28011684;CP INF-PRI;CIUDAD DE CORDOBA;Calle De Lillo, 1 ;Madrid;Villaverde;28041;913172417;913179827;Público;
Madrid-Sur;28025841;CP INF-PRI;CIUDAD DE GETAFE;Calle Buenavista, 25 ;Getafe;-;28904;916960122;916960122;Público;
Madrid-Capital;28004904;CP INF-PRI;CIUDAD DE JAEN;Calle De La Madre Rosa Blanco_, 3 ;Madrid;Usera;28041;913174313;913171644;Público;
Madrid-Capital;28005234;CP INF-PRI;CIUDAD DE LOS ANGELES;Calle De La Alegría De La Huerta, 6 ;Madrid;Villaverde;28041;917954993;915050434;Público;
Madrid-Sur;28003328;CP INF-PRI;CIUDAD DE MADRID;Avenida De Las Ciudades, 21 ;Getafe;-;28903;916952018;916829328;Público;
Madrid-Sur;28023480;CP INF-PRI;CIUDAD DE MERIDA;Avenida Juan Carlos I, 11 ;Parla;-;28981;-;916992958;Público;
Madrid-Sur;28039131;CP INF-PRI;CIUDAD DE ROMA;Calle Moraleja De Enmedio, 21 ;Móstoles;-;28935;916458911;916458911;Público;
Madrid-Este;28024319;CP INF-PRI;CIUDADES UNIDAS;Calle Vitoria, S/n ;San Fernando de Henares;-;28830;916721138;916721138;Público;
Madrid-Sur;28048403;CP INF-PRI;CLARA CAMPOAMOR;Calle Luis Morales, 2 ;Parla;-;28982;916996292;916058663;Público;
Madrid-Oeste;28064411;CP INF-PRI;CLARA CAMPOAMOR;Calle Campo De Fútbol, 4 ;Alpedrete;-;28430;918579458;918579458;Público;
Madrid-Sur;28067549;CP INF-PRI;CLARA CAMPOAMOR;Calle Del Parque Bujaruelo, 1 ;Alcorcón;-;28924;916198938;916211738;Público;
Madrid-Este;28050434;CP INF-PRI;CLARA CAMPOAMOR;Camino De Valdemoro, 11 ;San Martín de la Vega;-;28330;918093069;918087155;Público;
Madrid-Capital;28005258;CP INF-PRI;CLAUDIO MOYANO;Calle De Cea Bermúdez, 26 ;Madrid;Chamberí;28003;915335718;915345924;Público;
Madrid-Capital;28010497;CP INF-PRI;CONCEPCION ARENAL;Calle De Antonio López, 1 ;Madrid;Carabanchel;28019;915652702;915650097;Público;
Madrid-Sur;28033825;CP INF-PRI;CONCEPCION ARENAL;Avenida Doctor Fleming, 5 ;Leganés;-;28912;916946516;916932835;Público;
Madrid-Capital;28005261;CP INF-PRI;CONDE DE ROMANONES;Calle Del Elfo, 143 ;Madrid;Ciudad Lineal;28027;913673655;914080947;Público;
Madrid-Sur;28025312;CP INF-PRI;CRISTO DE LA SALUD;Paseo Del Prado, 28 ;Valdemoro;-;28343;918954140;918083103;Público;
Madrid-Capital;28005271;CP INF-PRI;CRISTOBAL COLON;Carretera De Carabanchel A Villaverde, 109 ;Madrid;Villaverde;28041;917973312;917973312;Público;
Madrid-Este;28038057;CP INF-PRI;CRISTOBAL COLON;Calle De Adarga, 2 ;Alcalá de Henares;-;28805;918779409;918835939;Público;
Madrid-Capital;28021446;CP INF-PRI;DANIEL VAZQUEZ DIAZ;Calle De Armenteros, 46 ;Madrid;Moncloa-Aravaca;28039;914505842;913117764;Público;
Madrid-Sur;28073033;CP INF-PRI;DIEGO MUÑOZ-TORRERO;Calle De María Curie, 46 ;Valdemoro;-;28342;911744348;911743011;Público;
Madrid-Sur;28060282;CP INF-PRI;DÑA. LEONOR DEL ALAMO;Calle Rosalía De Castro, 4 ;Valdemoro;-;28342;918762311;918762344;Público;
Madrid-Capital;28010552;CP INF-PRI;DOCTOR FEDERICO RUBIO;Avenida Del Doctor Federico Rubio Y Galí, 53 ;Madrid;Tetuán;28039;914502091;914595006;Público;
Madrid-Este;28060312;CP INF-PRI;DULCE CHACON;Calle Federica Montseny, 3 ;Rivas-Vaciamadrid;-;28521;914853408;916702214;Público;
Madrid-Este;28003961;CP INF-PRI;DUQUE DE ALBA;Avenida Argentina, 2 ;Loeches;-;28890;918851010;918308572;Público;
Madrid-Sur;28024794;CP INF-PRI;DUQUE DE RIVAS;Calle Villanueva, 1 ;Sevilla la Nueva;-;28609;918130019;918130790;Público;
Madrid-Capital;28005933;CP INF-PRI;EDUARDO ROJO;Calle De Eduardo Rojo, 2 ;Madrid;Puente de Vallecas;28018;914774560;914784525;Público;
Madrid-Sur;28000042;CP INF-PRI;EL ALAMO;Calle Del Río Alagón, 1 ;Álamo, El;-;28607;918120652;918122834;Público;
Madrid-Este;28024861;CP INF-PRI;EL BUEN GOBERNADOR;Avenida Constitución, 9 ;Torrejón de Ardoz;-;28850;916751372;916751372;Público;
Madrid-Oeste;28044653;CP INF-PRI;EL ENEBRAL;Calle Doctor José María Poveda, 6 ;Collado Villalba;-;28400;918507126;918517229;Público;
Madrid-Este;28039256;CP INF-PRI;EL JARAMA;Calle De Ramón Y Cajal, 9 ;San Fernando de Henares;-;28830;916742336;916742341;Público;
Madrid-Este;28037946;CP INF-PRI;EL OLIVAR;Avenida De Covibar, 3 ;Rivas-Vaciamadrid;-;28523;916663979;916663242;Público;
Madrid-Este;28042851;CP INF-PRI;EL PARQUE;Avenida De Covibar, 1 ;Rivas-Vaciamadrid;-;28523;916666078;916666078;Público;
Madrid-Oeste;28056138;CP INF-PRI;EL PERALEJO;Calle De Santa Quiteria, 28 ;Alpedrete;-;28430;918570367;918570339;Público;
Madrid-Sur;28023674;CP INF-PRI;EL PRADO;Calle De La Cañada Real De La Mesta, 9 ;Pinto;-;28320;916911106;916914648;Público;
Madrid-Oeste;28060351;CP INF-PRI;EL RASO;Calle Del Raso, 6 ;Moralzarzal;-;28411;918421080;918421080;Público;
Madrid-Capital;28057015;CP INF-PRI;EL SOL;Avenida De Canillejas A Vicálvaro, 82 ;Madrid;San Blas-Canillejas;28022;913060345;913060347;Público;
Madrid-Sur;28001794;CP INF-PRI;EL TORREON;Calle De Serranillos, 6 ;Arroyomolinos;-;28939;916095705;916095705;Público;
Madrid-Sur;28073902;CP INF-PRI;EL TRIGAL;Calle Álava, 11 ;Fuenlabrada;-;28941;916156221;916156656;Público;
Madrid-Norte;28028775;CP INF-PRI;EMILIO CASADO;Calle Del Doctor Casimiro Morcillo, 51 ;Alcobendas;-;28100;916618407;916619572;Público;
Madrid-Este;28000315;CP INF-PRI;EMPERADOR FERNANDO;Calle De La Ronda Fiscal, 44 ;Alcalá de Henares;-;28803;918823334;918807542;Público;
Madrid-Este;28038461;CP INF-PRI;ENRIQUE TIERNO GALVAN;Avenida De Algorta, S/n ;San Fernando de Henares;-;28830;916736531;916738816;Público;
Madrid-Sur;28039815;CP INF-PRI;ENRIQUE TIERNO GALVAN;Avenida De Juan Carlos I, 26 ;Getafe;-;28905;916827190;916011566;Público;
Madrid-Sur;28039761;CP INF-PRI;ENRIQUE TIERNO GALVAN;Avenida De Europa, 11 ;Fuenlabrada;-;28943;916060831;914921802;Público;
Madrid-Capital;28010576;CP INF-PRI;ERMITA DEL SANTO;Paseo De La Ermita Del Santo, 18 ;Madrid;Latina;28011;914642590;914642590;Público;
Madrid-Capital;28004965;CP INF-PRI;ESCUELAS AGUIRRE;Calle De Pío Baroja, 4 ;Madrid;Retiro;28009;915741864;915044683;Público;
Madrid-Capital;28005167;CP INF-PRI;ESCUELAS BOSQUE;Avenida De Santo Ángel De La Guarda, 4 ;Madrid;Moncloa-Aravaca;28039;914505060;914590557;Público;
Madrid-Este;28050380;CP INF-PRI;ESPARTALES;Calle Rosalia De Castro, 3 ;Alcalá de Henares;-;28806;918832651;918870815;Público;
Madrid-Sur;28050422;CP INF-PRI;EUROPA;Calle Grecia, 1 ;Pinto;-;28320;916921300;916913924;Público;
Madrid-Norte;28000595;CP INF-PRI;FEDERICO GARCIA LORCA;Calle Del Marqués De La Valdavia, 91 ;Alcobendas;-;28100;916624593;916624084;Público;
Madrid-Oeste;28050458;CP INF-PRI;FEDERICO GARCIA LORCA;Calle De Federico García Lorca, 4 ;Boadilla del Monte;-;28660;916325525;916325525;Público;
Madrid-Oeste;28035551;CP INF-PRI;FEDERICO GARCIA LORCA;Calle Norias, 76 ;Majadahonda;-;28221;916388161;916390209;Público;
Madrid-Norte;28033837;CP INF-PRI;FEDERICO GARCIA LORCA;Calle De Federico García Lorca, 1 ;Colmenar Viejo;-;28770;918453656;918464997;Público;
Madrid-Este;28030848;CP INF-PRI;FEDERICO GARCIA LORCA;Avenida Del Niño Jesus, 1 ;Arganda del Rey;-;28500;918711847;918710508;Público;
Madrid-Sur;28030836;CP INF-PRI;FEDERICO GARCIA LORCA;Calle Del Olímpico Francisco Fernández Ochoa, 6 ;Alcorcón;-;28923;916410362;916416344;Público;
Madrid-Sur;28030393;CP INF-PRI;FEDERICO GARCIA LORCA;Calle Dinamarca, 11 ;Leganés;-;28916;916882114;914810194;Público;
Madrid-Sur;28023157;CP INF-PRI;FEDERICO GARCIA LORCA;Calle De Francisco Javier Sauquillo, 26 ;Móstoles;-;28932;916189736;916643568;Público;
Madrid-Sur;28031518;CP INF-PRI;FELIPE IV;Calle De Monteclaro, S/n ;Navalcarnero;-;28600;918111051;918114637;Público;
Madrid-Capital;28021291;CP INF-PRI;FILOSOFO SENECA;Calle De Santa Adela, 21 ;Madrid;Hortaleza;28033;917638145;913817216;Público;
Madrid-Capital;28026006;CP INF-PRI;FONTARRON;Calle Del Arroyo Fontarrón, 24 ;Madrid;Moratalaz;28030;917720378;913050045;Público;
Madrid-Sur;28070731;CP INF-PRI;FRANCISCO DE GOYA;Avenida De Europa, 4 ;Fuenlabrada;-;28943;916153513;916153513;Público;
Madrid-Sur;28063829;CP INF-PRI;FRANCISCO DE ORELLANA;Calle Barcelona, 19 ;Arroyomolinos;-;28939;916096054;916897935;Público;
Madrid-Sur;28028830;CP INF-PRI;FRANCISCO DE QUEVEDO;Camino De Los Frailes, 6 ;Leganés;-;28914;916948222;916939224;Público;
Madrid-Sur;28058561;CP INF-PRI;FRANCISCO DE QUEVEDO;Avenida De Las Fuerzas Armadas, 6 ;Getafe;-;28901;916821924;916810669;Público;
Madrid-Oeste;28032511;CP INF-PRI;FRANCISCO DE QUEVEDO;Calle Blas De Otero, 61 ;Majadahonda;-;28220;916347570;916384014;Público;
Madrid-Capital;28005350;CP INF-PRI;FRANCISCO FATOU;Camino De La Suerte, 23 ;Madrid;Villa de Vallecas;28031;913321050;913323222;Público;
Madrid-Este;28063957;CP INF-PRI;FRANCISCO TOMAS Y VALIENTE;Calle Paulonia, 2 ;Velilla de San Antonio;-;28891;916608619;916608824;Público;
Madrid-Sur;28033761;CP INF-PRI;FREGACEDOS;Avenida De Pablo Iglesias, 1 ;Fuenlabrada;-;28942;916892852;916046218;Público;
Madrid-Sur;28063908;CP INF-PRI;FUENTE DE LA VILLA;Ronda De San Sebastián, S/n ;Valdemoro;-;28343;918091946;918091946;Público;
Madrid-Norte;28031211;CP INF-PRI;FUENTESANTA;Avenida De Andalucía, 55 ;Colmenar Viejo;-;28770;918452904;918453502;Público;
Madrid-Norte;28033680;CP INF-PRI;GABRIEL GARCIA MARQUEZ;Sector Músicos, 11 ;Tres Cantos;-;28760;918037421;918030996;Público;
Madrid-Este;28024873;CP INF-PRI;GABRIEL Y GALAN;Calle Ronda Poniente, 5 ;Torrejón de Ardoz;-;28850;916756360;916756360;Público;
Madrid-Capital;28031804;CP INF-PRI;GANDHI;Calle De Gandhi, 10 ;Madrid;Ciudad Lineal;28017;917544592;913045222;Público;
Madrid-Sur;28063911;CP INF-PRI;GANDHI;Calle Jacinto Benavente, S/n ;Villaviciosa de Odón;-;28670;916163067;916164671;Público;
Madrid-Sur;28032535;CP INF-PRI;GERARDO DIEGO;Calle De La Paloma, 43 ;Parla;-;28981;916986901;916986901;Público;
Madrid-Capital;28026547;CP INF-PRI;GINER DE LOS RIOS;Calle De Membezar, 25 ;Madrid;Puente de Vallecas;28053;917858021;917858021;Público;
Madrid-Este;28035895;CP INF-PRI;GINER DE LOS RIOS;Calle Álamo, 6 ;Torrejón de Ardoz;-;28850;916564952;916780879;Público;
Madrid-Este;28049493;CP INF-PRI;GLORIA FUERTES;Calle De La Estación, 36 ;Meco;-;28880;918861614;918861614;Público;
Madrid-Sur;28003778;CP INF-PRI;GONZALO DE BERCEO;Calle San Bernardo, 13 ;Leganés;-;28917;916125100;916126312;Público;
Madrid-Sur;28040830;CP INF-PRI;GREEN PEACE;Calle De Miguel De Unamuno, 34 ;Fuenlabrada;-;28944;916152222;916909794;Público;
Madrid-Sur;28025661;CP INF-PRI;HERMANOS GARCIA NOBLEJAS;Calle Madroño, 3 ;Villaviciosa de Odón;-;28670;916161414;916164697;Público;
Madrid-Capital;28005490;CP INF-PRI;HERNAN CORTES;Calle De Los Yébenes, 241 ;Madrid;Latina;28047;917176844;917180472;Público;
Madrid-Capital;28025971;CP INF-PRI;IGNACIO ZULOAGA;Calle De Alejandro Rodríguez, 34 ;Madrid;Tetuán;28039;914509620;913980080;Público;
Madrid-Norte;28064068;CP INF-PRI;INFANTA LEONOR;Avenida Alcalde Lorenzo Ginés Brandin, S/n ;San Agustín del Guadalix;-;28750;918489692;918489693;Público;
Madrid-Norte;28035691;CP INF-PRI;INFANTAS ELENA Y CRISTINA;Avenida Del Moscatelar, 15 ;San Sebastián de los Reyes;-;28703;916543775;916543775;Público;
Madrid-Capital;28005568;CP INF-PRI;ISAAC PERAL;Glorieta De Rufino Novalvos, 5 ;Madrid;Carabanchel;28025;914726780;914726780;Público;
Madrid-Este;28036191;CP INF-PRI;JAIME VERA;Calle Brasil, S/n ;Torrejón de Ardoz;-;28850;916560470;916780153;Público;
Madrid-Capital;28050343;CP INF-PRI;JAIME VERA;Calle De Bravo Murillo, 162 ;Madrid;Tetuán;28020;915723019;915709453;Público;
Madrid-Este;28022888;CP INF-PRI;JARAMA;Calle Del Doctor Gonzalo Sierra, 6 ;Mejorada del Campo;-;28840;916790520;916680942;Público;
Madrid-Este;28043399;CP INF-PRI;JARAMA;Calle Del Olivo, S/n ;Rivas-Vaciamadrid;-;28522;916667595;913011982;Público;
Madrid-Sur;28028131;CP INF-PRI;JESUS VARELA;Avenida De Portugal, 12 ;Alcorcón;-;28921;916190810;916110902;Público;
Madrid-Sur;28049468;CP INF-PRI;JOAN MIRO;Calle París, 3 ;Móstoles;-;28938;916455853;916467750;Público;
Madrid-Capital;28010722;CP INF-PRI;JOAQUIN COSTA;Paseo De Pontones, 8 ;Madrid;Arganzuela;28005;913653632;913653559;Público;
Madrid-Sur;28038082;CP INF-PRI;JOAQUIN COSTA;Calle Del Parque Grande, 1 ;Alcorcón;-;28924;916113435;916104905;Público;
Madrid-Capital;28005635;CP INF-PRI;JOAQUIN DICENTA;Paseo Olivos, 70 ;Madrid;Latina;28011;914632093;917550696;Público;
Madrid-Capital;28021057;CP INF-PRI;JORGE GUILLEN;Avenida De El Ferrol, 47 ;Madrid;Fuencarral-El Pardo;28029;917393801;917393801;Público;
Madrid-Sur;28037788;CP INF-PRI;JORGE GUILLEN;Avenida De Alcorcón, 5 ;Móstoles;-;28936;916461827;916461827;Público;
Madrid-Sur;28037193;CP INF-PRI;JORGE GUILLEN;Calle Zaragoza, 15 ;Getafe;-;28903;916817988;916817988;Público;
Madrid-Este;28045475;CP INF-PRI;JORGE GUILLEN;Avenida De Nuestra Señora De La Vega, 6 ;San Martín de la Vega;-;28330;918946372;918958635;Público;
Madrid-Este;28062321;CP INF-PRI;JOSE HIERRO;Avenida De José Hierro, 86 ;Rivas-Vaciamadrid;-;28521;914991147;914991147;Público;
Madrid-Sur;28065531;CP INF-PRI;JOSE HIERRO;Calle Acuario, 34 ;Parla;-;28983;914240509;914240647;Público;
Madrid-Sur;28035639;CP INF-PRI;JOSE JALON;Calle Felguera, S/n ;Navalcarnero;-;28600;918101069;918101408;Público;
Madrid-Capital;28021461;CP INF-PRI;JOSE ORTEGA Y GASSET;Calle De Orense, 87 ;Madrid;Tetuán;28020;915720997;915701341;Público;
Madrid-Capital;28005684;CP INF-PRI;JOVELLANOS;Calle De Monroy, 34 ;Madrid;Latina;28044;917055018;915095089;Público;
Madrid-Capital;28005696;CP INF-PRI;JUAN DE LA CIERVA;Calle De Villarrosa, 7 ;Madrid;Villaverde;28041;917230235;917965560;Público;
Madrid-Sur;28069753;CP INF-PRI;JUAN DE LA CIERVA;Camino Del Molino, 1 ;Fuenlabrada;-;28943;916045000;916893154;Público;
Madrid-Capital;28026535;CP INF-PRI;JUAN GRIS;Calle De Muela De San Juan, 31 ;Madrid;Villa de Vallecas;28031;913327264;913327263;Público;
Madrid-Oeste;28050446;CP INF-PRI;LA ENCINA;Calle Ramón Y Cajal, 3 ;Rozas de Madrid, Las;-;28232;916403725;916403996;Público;
Madrid-Este;28035676;CP INF-PRI;LA ESCUELA;Avenida De Miguel Hernández, 1 ;Rivas-Vaciamadrid;-;28523;916660014;916669299;Público;
Madrid-Este;28024976;CP INF-PRI;LA GAVIOTA;Calle Cristal, 2 ;Torrejón de Ardoz;-;28850;916754039;916757843;Público;
Madrid-Capital;28031099;CP INF-PRI;LA LATINA;Calle De Maqueda, 130 ;Madrid;Latina;28024;915099915;917196252;Público;
Madrid-Este;28077348;CP INF-PRI;LA LUNA;Avenida De La Tierra, 2 ;Rivas-Vaciamadrid;-;28523;916665859;-;Público;
Madrid-Sur;28045301;CP INF-PRI;LA PALOMA;Calle De La Paloma, 45 ;Parla;-;28981;916996965;916996854;Público;
Madrid-Este;28050392;CP INF-PRI;LA ZARZUELA;Calle Almagro, S/n ;Torrejón de Ardoz;-;28850;916778043;916762805;Público;
Madrid-Oeste;28039244;CP INF-PRI;LAS ACACIAS;Calle Diamante, S/n ;Pozuelo de Alarcón;-;28224;913524797;917141380;Público;
Madrid-Sur;28063891;CP INF-PRI;LAS ARTES;Calle Juana Francés, 57 ;Pinto;-;28320;916987254;916928851;Público;
Madrid-Sur;28060245;CP INF-PRI;LAS CASTAÑERAS;Calle De Andalucía, 8 ;Arroyomolinos;-;28939;916091283;916095449;Público;
Madrid-Este;28024061;CP INF-PRI;LAS CIGÜEÑAS;Calle De Noruega, 1 ;Rivas-Vaciamadrid;-;28521;916700133;916703335;Público;
Madrid-Oeste;28057064;CP INF-PRI;LAS VEREDAS;Camino De La Nava, S/n ;Colmenarejo;-;28270;918589271;918424719;Público;
Madrid-Sur;28067550;CP INF-PRI;LEGAZPI;Calle De Cartagena, 9 ;Arroyomolinos;-;28939;916013018;912649143;Público;
Madrid-Norte;28031166;CP INF-PRI;LEON FELIPE;Avenida De Valencia, 7 ;San Sebastián de los Reyes;-;28702;916535520;916522079;Público;
Madrid-Capital;28069820;CP INF-PRI;LEOPOLDO CALVO-SOTELO;Calle De Puente La Reina, S/n ;Madrid;Fuencarral-El Pardo;28050;914273351;914273083;Público;
Madrid-Sur;28003523;CP INF-PRI;LEPANTO;Calle Río Manzanares, 37 ;Leganés;-;28913;916935485;912749986;Público;
Madrid-Sur;28037545;CP INF-PRI;LOPE DE VEGA;Calle Francisco Javier Sauquillo, 17 ;Fuenlabrada;-;28944;916972902;916972902;Público;
Madrid-Sur;28040842;CP INF-PRI;LORANCA;Paseo Riazor, 10 ;Fuenlabrada;-;28942;916080805;916076466;Público;
Madrid-Oeste;28042814;CP INF-PRI;LOS JARALES-MONTERROZAS;Avenida Esparta, 54 ;Rozas de Madrid, Las;-;28232;916318490;916318490;Público;
Madrid-Sur;28063881;CP INF-PRI;LOS LAGOS;Avenida De Las Lagunas, 6 ;Parla;-;28981;916996915;916998830;Público;
Madrid-Capital;28006214;CP INF-PRI;LOS ROSALES;Avenida De Los Rosales, 131 ;Madrid;Villaverde;28021;917956756;917988116;Público;
Madrid-Capital;28005571;CP INF-PRI;LUIS BELLO;Calle De Luis Cabrera, 66 ;Madrid;Chamartín;28002;912205533;912205535;Público;
Madrid-Capital;28021367;CP INF-PRI;LUIS CERNUDA;Calle Del Carril Del Conde, 64 ;Madrid;Hortaleza;28043;913002732;913002732;Público;
Madrid-Capital;28005741;CP INF-PRI;LUIS DE GONGORA;Calle De Sarriá, 49 ;Madrid;Fuencarral-El Pardo;28029;913860816;913768253;Público;
Madrid-Sur;28035640;CP INF-PRI;LUIS VIVES;Calle Felipe Ii, 9 ;Parla;-;28982;916983523;916053955;Público;
Madrid-Este;28037168;CP INF-PRI;LUIS VIVES;Calle Luis Vives, 18 ;Alcalá de Henares;-;28803;918806791;918816785;Público;
Madrid-Sur;28070986;CP INF-PRI;MADRE TERESA DE CALCUTA;Calle Jaime I El Conquistador, 143 ;Parla;-;28983;914240381;914241697;Público;
Madrid-Sur;28049389;CP INF-PRI;MAESTRA TRINIDAD GARCIA;Calle De Cáceres, 6 ;Fuenlabrada;-;28941;916977363;916906716;Público;
Madrid-Sur;28065541;CP INF-PRI;MAESTRO ROMAN BAILLO;Avenida Del Mar Egeo, S/n ;Valdemoro;-;28341;918950838;918751339;Público;
Madrid-Sur;28069182;CP INF-PRI;MANUEL DE FALLA;Calle De Reinosa, 24 ;Fuenlabrada;-;28942;916152156;916068419;Público;
Madrid-Sur;28067771;CP INF-PRI;MANUELA MALASAÑA;Calle De Los Arados, 10 ;Fuenlabrada;-;28944;916856972;914920601;Público;
Madrid-Capital;28010813;CP INF-PRI;MARCELO USERA;Calle De Perales De Tajuña, 1 ;Madrid;Usera;28026;914753495;917923840;Público;
Madrid-Sur;28037661;CP INF-PRI;MARGARITA XIRGU;Avenida De La O.n.u., 26 ;Móstoles;-;28936;916461292;916461292;Público;
Madrid-Oeste;28078626;CP INF-PRI;MARIA DE MAEZTU;Calle De Miguel De Unamuno, S/n ;Boalo, El;-;28412;918574465;918574465;Público;
Madrid-Capital;28079436;CP INF-PRI;MARIA DE VILLOTA;Cañada Del Santisimo Sacramento, 23 ;Madrid;Villa de Vallecas;28031;-;-;Público;
Madrid-Sur;28063878;CP INF-PRI;MARIA MARTIN;Calle De Las Víctimas Del Terrorismo, S/n ;Navalcarnero;-;28600;918110110;918115517;Público;
Madrid-Sur;28073011;CP INF-PRI;MARIA MONTESSORI;Calle Del Pintor Velázquez, 62 ;Móstoles;-;28935;916147606;916147606;Público;
Madrid-Sur;28033771;CP INF-PRI;MARIANA PINEDA;Avenida De Las Ciudades, 33 ;Getafe;-;28903;916824060;916955376;Público;
Madrid-Oeste;28030371;CP INF-PRI;MARIANO BENLLIURE;Calle Isla De Sálvora, 155 ;Collado Villalba;-;28400;918506456;918512346;Público;
Madrid-Capital;28005830;CP INF-PRI;MARQUES DE MARCENADO;Calle De Linneo, 31 ;Madrid;Arganzuela;28005;913658588;913669822;Público;
Madrid-Capital;28021148;CP INF-PRI;MARQUES DE SUANZES;Avenida Del Veinticinco De Septiembre, 1 ;Madrid;San Blas-Canillejas;28027;917412072;913203617;Público;
Madrid-Capital;28005866;CP INF-PRI;MEJICO;Avenida De Badajoz, 74 ;Madrid;Ciudad Lineal;28027;914035744;914045880;Público;
Madrid-Capital;28005891;CP INF-PRI;MENENDEZ PIDAL;Calle De La Encomienda De Palacios, 85 ;Madrid;Moratalaz;28030;917736781;913016012;Público;
Madrid-Este;28029913;CP INF-PRI;MENENDEZ PIDAL;Avenida De España, 144 ;Coslada;-;28822;916725622;916725622;Público;
Madrid-Capital;28005881;CP INF-PRI;MENENDEZ Y PELAYO;Calle De Méndez Álvaro, 16 ;Madrid;Arganzuela;28045;915272781;915397381;Público;
Madrid-Capital;28029123;CP INF-PRI;MESETA DE ORCASITAS;Calle Del Camino Viejo De Villaverde, 1 ;Madrid;Usera;28041;913413045;913417861;Público;
Madrid-Sur;28003833;CP INF-PRI;MIGUEL DE CERVANTES;Calle Aragón, 19 ;Leganés;-;28914;916936034;916936034;Público;
Madrid-Oeste;28042152;CP INF-PRI;MIGUEL DE CERVANTES;Calle Ruiz De Alarcón, 1 ;Collado Villalba;-;28400;918516533;918490677;Público;
Madrid-Este;28029691;CP INF-PRI;MIGUEL DE CERVANTES;Calle De Francisco De Goya, 3 ;Mejorada del Campo;-;28840;916790244;916790244;Público;
Madrid-Este;28002041;CP INF-PRI;MIGUEL DELIBES;Paseo Pozuelo, 31 ;Campo Real;-;28510;918733125;918733125;Público;
Madrid-Sur;28049420;CP INF-PRI;MIGUEL DELIBES;Avenida De La O.n.u., 19 ;Móstoles;-;28936;916461745;916461745;Público;
Madrid-Sur;28038288;CP INF-PRI;MIGUEL DELIBES;Calle Maestro, 9 ;Leganés;-;28914;916879409;916850243;Público;
Madrid-Este;28031026;CP INF-PRI;MIGUEL HERNANDEZ;Calle Doctor Marañón, 7 ;Arganda del Rey;-;28500;918702392;918718141;Público;
Madrid-Este;28032331;CP INF-PRI;MIGUEL HERNANDEZ;Calle Luis Madrona, 15 ;Alcalá de Henares;-;28805;918883040;918883040;Público;
Madrid-Sur;28032468;CP INF-PRI;MIGUEL HERNANDEZ;Avenida De Los Reyes Católicos, 35 ;Getafe;-;28904;916823110;916843312;Público;
Madrid-Sur;28044458;CP INF-PRI;MIGUEL HERNANDEZ;Camino De La Cantueña, 3 ;Parla;-;28982;916983569;916983569;Público;
Madrid-Este;28034052;CP INF-PRI;MIGUEL HERNANDEZ;Calle Rafael Sánchez Ferlosio, 17 ;San Fernando de Henares;-;28830;916734510;916733469;Público;
Madrid-Sur;28033813;CP INF-PRI;MIGUEL HERNANDEZ;Avenida Europa, 8 ;Leganés;-;28916;912282428;916866206;Público;
Madrid-Capital;28031051;CP INF-PRI;MIGUEL SERVET;Calle De La Fragata, 33 ;Madrid;Carabanchel;28019;914611757;914627953;Público;
Madrid-Norte;28035366;CP INF-PRI;MIRAFLORES;Calle De Miraflores, 16 ;Alcobendas;-;28100;916543885;916514712;Público;
Madrid-Capital;28005945;CP INF-PRI;NTRA. SRA. DE LA CONCEPCION;Calle De La Virgen Del Sagrario, 24 ;Madrid;Ciudad Lineal;28027;914040275;914047955;Público;
Madrid-Este;28001681;CP INF-PRI;NTRA. SRA. DE LA MILAGROSA;Calle Leonor De Cortinas, 2 ;Arganda del Rey;-;28500;918710205;918700900;Público;
Madrid-Este;28025634;CP INF-PRI;NTRA. SRA. DE LA VICTORIA;Calle Del Viso, 15 ;Villarejo de Salvanés;-;28590;918744643;918744643;Público;
Madrid-Norte;28024617;CP INF-PRI;NTRA. SRA. DE VALVANERA;Avenida De La Sierra, 20 ;San Sebastián de los Reyes;-;28701;916517150;916238351;Público;
Madrid-Capital;28020740;CP INF-PRI;NTRA. SRA. DEL LUCERO;Calle De Muñico, 1 ;Madrid;Latina;28047;914647678;914647678;Público;
Madrid-Norte;28022943;CP INF-PRI;NTRA. SRA. DEL REMOLINO;Calle De San Isidro, 8 ;Molar, El;-;28710;918410285;918410738;Público;
Madrid-Este;28000376;CP INF-PRI;NTRA. SRA. DEL VAL;Calle Ávila, S/n ;Alcalá de Henares;-;28804;918893702;918894578;Público;
Madrid-Norte;28001277;CP INF-PRI;OBISPO MOSCOSO;Calle Del Retamar, 18 ;Algete;-;28110;916290464;916280730;Público;
Madrid-Sur;28003845;CP INF-PRI;ORTEGA Y GASSET;Calle Rioja, 76 ;Leganés;-;28915;916871153;916861604;Público;
Madrid-Sur;28002956;CP INF-PRI;ORTIZ ECHAGUE;Calle Titulcia, 24 ;Getafe;-;28903;916017961;916955453;Público;
Madrid-Sur;28039785;CP INF-PRI;PABLO NERUDA;Calle De Segovia, 1 ;Fuenlabrada;-;28941;916061998;916908898;Público;
Madrid-Sur;28032547;CP INF-PRI;PABLO PICASSO;Calle Pintor Rosales, 1 ;Parla;-;28982;916980226;912749969;Público;
Madrid-Este;28038392;CP INF-PRI;PABLO PICASSO;Calle De Pablo Picasso, 30 ;Mejorada del Campo;-;28840;916793444;916793731;Público;
Madrid-Sur;28037673;CP INF-PRI;PABLO SARASATE;Calle Jaén, 4 ;Móstoles;-;28935;916143589;916641273;Público;
Madrid-Sur;28049432;CP INF-PRI;PABLO SOROZABAL;Calle De Los Hermanos Pinzón, 21 ;Móstoles;-;28936;916461042;916469129;Público;
Madrid-Norte;28037171;CP INF-PRI;PADRE JERONIMO;Calle De Alcalá, 80 ;Algete;-;28110;916290522;916280416;Público;
Madrid-Capital;28010916;CP INF-PRI;PALACIO VALDES;Paseo Del Prado, 38 ;Madrid;Centro;28014;914203370;914203370;Público;
Madrid-Capital;28006044;CP INF-PRI;PARQUE ALUCHE;Calle De Quero, 47 ;Madrid;Latina;28024;917178190;917178050;Público;
Madrid-Norte;28039013;CP INF-PRI;PARQUE DE CATALUÑA;Calle De La Isla De Córcega, 3 ;Alcobendas;-;28100;916618907;916629291;Público;
Madrid-Sur;28001149;CP INF-PRI;PARROCO D. VICTORIANO;Calle De La Olímpica Conchita Puig, 2 ;Alcorcón;-;28923;916117131;916118052;Público;
Madrid-Sur;28056126;CP INF-PRI;PEDRO ANTONIO DE ALARCÓN;Calle Artemisa, 5 ;Valdemoro;-;28341;918094732;918019028;Público;
Madrid-Sur;28037958;CP INF-PRI;PEDRO LOPEZ DE LERENA;Calle Libertad, 85 ;Valdemoro;-;28341;918953941;918954249;Público;
Madrid-Norte;28038112;CP INF-PRI;PEDRO MUÑOZ SECA;Calle Carrachel, 2 ;Algete;-;28110;916291517;916290519;Público;
Madrid-Norte;28001952;CP INF-PRI;PEÑALTA;Calle Peñalta, S/n ;Buitrago del Lozoya;-;28730;918680107;918680186;Público;
Madrid-Capital;28006056;CP INF-PRI;PERU;Calle De Baleares, 18 ;Madrid;Carabanchel;28019;915691465;915692867;Público;
Madrid-Norte;28002014;CP INF-PRI;PICO DE LA MIEL;Calle De Los Colegios, 28 ;Cabrera, La;-;28751;918688038;918688651;Público;
Madrid-Capital;28063763;CP INF-PRI;PINAR DE SAN JOSE;Calle Patrimonio De La Humanidad, 39 ;Madrid;Carabanchel;28054;915112417;915112418;Público;
Madrid-Capital;28006068;CP INF-PRI;PINAR DEL REY;Avenida De San Luis, 23 ;Madrid;Hortaleza;28033;917664763;917680970;Público;
Madrid-Oeste;28031142;CP INF-PRI;PINAR PRADOS DE TORREJON;Avenida Italia, 1 ;Pozuelo de Alarcón;-;28224;917157484;913526378;Público;
Madrid-Capital;28021434;CP INF-PRI;PIO BAROJA;Calle De Luis De Hoyos Sáinz, 84 ;Madrid;Moratalaz;28030;917739618;917739618;Público;
Madrid-Capital;28029111;CP INF-PRI;PRINCIPE DE ASTURIAS;Carretera Colmenar Viejo, K. 15 ;Madrid;Fuencarral-El Pardo;28049;917355115;917355003;Público;
Madrid-Norte;28026043;CP INF-PRI;PRINCIPE FELIPE;Avenida De Valdelasfuentes, S/n ;San Sebastián de los Reyes;-;28701;916512211;916512211;Público;
Madrid-Oeste;28045177;CP INF-PRI;PROFESOR DON ENRIQUE TIERNO GALVAN;Calle Los Almendros, 1 ;Collado Villalba;-;28400;918490808;918519067;Público;
Madrid-Norte;28038069;CP INF-PRI;PROFESOR TIERNO GALVAN;Calle De Triana, 29 ;Alcobendas;-;28100;916590159;916591128;Público;
Madrid-Capital;28006101;CP INF-PRI;PUERTO RICO;Calle Del Segura, 74 ;Madrid;Usera;28041;913412726;913416960;Público;
Madrid-Este;28049481;CP INF-PRI;RAFAEL ALBERTI;Paseo De Las Provincias, S/n ;Rivas-Vaciamadrid;-;28523;916664582;916669254;Público;
Madrid-Capital;28025956;CP INF-PRI;RAMON MARIA DEL VALLE INCLAN;Calle De Alconera, 1 ;Madrid;San Blas-Canillejas;28037;913130739;913130739;Público;
Madrid-Oeste;28058597;CP INF-PRI;RAYUELA;Calle Mister Lodge, S/n ;Villanueva del Pardillo;-;28229;918100432;918102142;Público;
Madrid-Este;28000111;CP INF-PRI;REYES CATOLICOS;Calle San Vidal, 4 ;Alcalá de Henares;-;28803;918880143;918880143;Público;
Madrid-Sur;28067586;CP INF-PRI;ROSA MONTERO;Paseo De La República Dominicana, 11 ;Parla;-;28983;914240278;914240279;Público;
Madrid-Este;28038124;CP INF-PRI;ROSALIA DE CASTRO;Calle Rosa Luxemburgo, 2 ;Arganda del Rey;-;28500;918715575;918715283;Público;
Madrid-Capital;28006251;CP INF-PRI;SAGUNTO;Calle De Paterna, 14 ;Madrid;Villaverde;28021;917976726;917976726;Público;
Madrid-Sur;28029512;CP INF-PRI;SALZILLO-VALLE INCLAN;Calle Salzillo, 4 ;Móstoles;-;28932;916135719;916642828;Público;
Madrid-Norte;28025816;CP INF-PRI;SAN ANDRES;Calle De La Fuente Del Cajón, 20 ;Colmenar Viejo;-;28770;918453256;918619228;Público;
Madrid-Sur;28025521;CP INF-PRI;SAN DAMASO;Calle Real Cañada Segoviana, S/n ;Villamanta;-;28610;918136370;918136370;Público;
Madrid-Sur;28002804;CP INF-PRI;SAN ESTEBAN;Calle De Los Ángeles, 13 ;Fuenlabrada;-;28944;916905830;916060384;Público;
Madrid-Sur;28029597;CP INF-PRI;SAN FERNANDO;Calle De Santiago Rusiñol, 7 ;Aranjuez;-;28300;918915194;918924350;Público;
Madrid-Sur;28001617;CP INF-PRI;SAN ISIDRO;Calle De Los Cuarteles, 51 ;Aranjuez;-;28300;918911299;918090214;Público;
Madrid-Sur;28025075;CP INF-PRI;SAN JOSE;Calle Cádiz, S/n ;Torrejón de la Calzada;-;28991;918169296;918169296;Público;
Madrid-Sur;28001371;CP INF-PRI;SAN JOSE DE CALASANZ;Avenida De La Plaza De Toros, 32 ;Aranjuez;-;28300;918910771;918922229;Público;
Madrid-Sur;28025804;CP INF-PRI;SAN JOSE DE VALDERAS;Avenida Derechos Humanos, 6 ;Alcorcón;-;28924;916125212;916100027;Público;
Madrid-Este;28001770;CP INF-PRI;SAN JUAN BAUTISTA;Calle Isaac Peral, 20 ;Arganda del Rey;-;28500;918700113;918702196;Público;
Madrid-Sur;28067598;CP INF-PRI;SAN MARTIN DE TOURS;Camino De Aliseda, S/n ;San Martín de Valdeiglesias;-;28680;918611988;918613305;Público;
Madrid-Capital;28019567;CP INF-PRI;SAN MIGUEL;Avenida De La Virgen Del Carmen, 32 ;Madrid;Hortaleza;28033;917639281;917639281;Público;
Madrid-Oeste;28029160;CP INF-PRI;SAN MIGUEL;Paseo Del Pinar, 2 ;Rozas de Madrid, Las;-;28231;916372147;916378078;Público;
Madrid-Norte;28030435;CP INF-PRI;SAN SEBASTIAN;Avenida De Valencia, 5 ;San Sebastián de los Reyes;-;28702;916519284;916513339;Público;
Madrid-Norte;28063830;CP INF-PRI;SANSUEÑA;Plaza De La Cruz, 1 ;Talamanca de Jarama;-;28160;918417515;918417214;Público;
Madrid-Capital;28006381;CP INF-PRI;SANTA MARIA;Calle Del Casino, 7 ;Madrid;Centro;28005;915275281;914673704;Público;
Madrid-Oeste;28025567;CP INF-PRI;SANTIAGO APOSTOL;Avenida Polideportivo, S/n ;Villanueva de la Cañada;-;28691;918155375;918155264;Público;
Madrid-Sur;28037569;CP INF-PRI;SANTIAGO RAMON Y CAJAL;Calle Comunidad De Madrid, 23 ;Fuenlabrada;-;28944;916156262;916978936;Público;
Madrid-Sur;28035482;CP INF-PRI;SANTO DOMINGO DE GUZMAN;Calle De Severo Ochoa, 4 ;Humanes de Madrid;-;28970;916041026;916048278;Público;
Madrid-Norte;28033643;CP INF-PRI;SEIS DE DICIEMBRE;Calle Del Pintor Sorolla, 19 ;Alcobendas;-;28100;916613656;916613656;Público;
Madrid-Este;28037764;CP INF-PRI;SEIS DE DICIEMBRE;Avenida Virgen De Loreto, 38 ;Torrejón de Ardoz;-;28850;916560363;916769086;Público;
Madrid-Sur;28044321;CP INF-PRI;SENECA;Calle Pablo Sorozábal, 16 ;Parla;-;28981;916981385;916981385;Público;
Madrid-Sur;28003286;CP INF-PRI;SESEÑA Y BENAVENTE;Calle Alemania, 1 ;Getafe;-;28907;916968315;916843437;Público;
Madrid-Sur;28049456;CP INF-PRI;SEVERO OCHOA;Calle Violeta, 7 ;Móstoles;-;28933;916138811;916136145;Público;
Madrid-Oeste;28064381;CP INF-PRI;SIERRA DE GUADARRAMA;Calle De Gustavo Adolfo Bécquer, 1 ;Guadarrama;-;28440;918540588;918548656;Público;
Madrid-Oeste;28057362;CP INF-PRI;SIGLO XXI;Carretera De La Coruña, 70 ;Rozas de Madrid, Las;-;28231;916360291;916360291;Público;
Madrid-Norte;28024629;CP INF-PRI;SILVIO ABAD;Calle Del Dos De Mayo, 2 ;San Sebastián de los Reyes;-;28703;916520221;916546166;Público;
Madrid-Norte;28064421;CP INF-PRI;TERESA DE CALCUTA;Calle Clara Campoamor, 3 ;San Sebastián de los Reyes;-;28702;916670474;916677312;Público;
Madrid-Norte;28039384;CP INF-PRI;TIERNO GALVAN;Sector Embarcaciones, 34 ;Tres Cantos;-;28760;918032957;918032957;Público;
Madrid-Capital;28010394;CP INF-PRI;TOMAS BRETON;Calle De Alejandro Dumas, 4 ;Madrid;Arganzuela;28005;913642214;913667387;Público;
Madrid-Sur;28033801;CP INF-PRI;TRABENCO;Avenida Alemania, 18 ;Leganés;-;28916;916865478;916803449;Público;
Madrid-Este;28041809;CP INF-PRI;UNO DE MAYO;Calle Budapest, 2 ;Torrejón de Ardoz;-;28850;916770068;916566511;Público;
Madrid-Norte;28040881;CP INF-PRI;V CENTENARIO;Calle Del Real, 116 ;San Sebastián de los Reyes;-;28703;916539270;916525728;Público;
Madrid-Capital;28045098;CP INF-PRI;VALDEBERNARDO;Calle Del Tren De Arganda, 9 ;Madrid;Vicálvaro;28032;913713523;913051773;Público;
Madrid-Norte;28030824;CP INF-PRI;VALDEPALITOS;Calle De La Constitución, 127 ;Alcobendas;-;28100;916536638;912293733;Público;
Madrid-Norte;28042802;CP INF-PRI;VALDERREY;Calle De Baleares, 2 ;Algete;-;28110;916282531;916290402;Público;
Madrid-Sur;28002166;CP INF-PRI;VENTURA RODRIGUEZ;Calle Fernandez Vitorio, 12 ;Ciempozuelos;-;28350;918930294;918930294;Público;
Madrid-Sur;28001551;CP INF-PRI;VICENTE ALEIXANDRE;Calle Del Príncipe, 38 ;Aranjuez;-;28300;918912625;918920571;Público;
Madrid-Sur;28028805;CP INF-PRI;VICENTE ALEIXANDRE;Calle De Polvoranca, 35 ;Alcorcón;-;28923;916190848;916112012;Público;
Madrid-Este;28026602;CP INF-PRI;VICENTE ALEIXANDRE;Calle Silicio, 25 ;Torrejón de Ardoz;-;28850;916763011;916556160;Público;
Madrid-Sur;28067574;CP INF-PRI;VICENTE FERRER;Avenida Salvador Allende, 10 ;Getafe;-;28907;914914339;914914602;Público;
Madrid-Sur;28069728;CP INF-PRI;VICTOR JARA;Avenida De Las Naciones, 45 ;Fuenlabrada;-;28943;916072888;916083655;Público;
Madrid-Sur;28003791;CP INF-PRI;VICTOR PRADERA;Calle Monegros, 27 ;Leganés;-;28915;916886959;916873991;Público;
Madrid-Oeste;28003456;CP INF-PRI;VILLA DE GUADARRAMA;Calle De Los Dos Escoriales, 11 ;Guadarrama;-;28440;918541017;918540301;Público;
Madrid-Este;28024307;CP INF-PRI;VILLAR PALASI;Carretera Mejorada, S/n ;San Fernando de Henares;-;28830;916721132;916693061;Público;
Madrid-Sur;28024502;CP INF-PRI;VIRGEN DE LA NUEVA;Calle Del Dr F Rodríguez De La Fuente, 2 ;San Martín de Valdeiglesias;-;28680;918610552;918611802;Público;
Madrid-Norte;28022864;CP INF-PRI;VIRGEN DE LA PEÑA SACRA;Calle De Segovia, 9 ;Manzanares el Real;-;28410;918530566;918530566;Público;
Madrid-Norte;28002282;CP INF-PRI;VIRGEN DE LOS REMEDIOS;Avenida De La Libertad, 3 ;Colmenar Viejo;-;28770;918452097;918459203;Público;
Madrid-Sur;28023546;CP INF-PRI;VIRGEN DEL CARMEN;Calle Fuenlabrada, S/n ;Parla;-;28981;916994913;916056141;Público;
Madrid-Capital;28025981;CP INF-PRI;VIRGEN DEL CERRO;Calle De Mohernando, 1 ;Madrid;Puente de Vallecas;28038;917785083;917784994;Público;
Madrid-Capital;28031075;CP INF-PRI;VIRGEN DEL CORTIJO;Avenida De Manoteras, 41 ;Madrid;Hortaleza;28050;917661215;913844438;Público;
Madrid-Norte;28041354;IES;AGORA;Calle Manuel De Falla, 54-56 ;Alcobendas;-;28100;916515700;916548684;Público;
Madrid-Este;28042590;IES;ALBÉNIZ;Calle Gardenia, S/n ;Alcalá de Henares;-;28803;918816812;918819840;Público;
Madrid-Norte;28040660;IES;ALDEBARAN;Avenida De Valdelaparra, 90 ;Alcobendas;-;28108;916618085;916618238;Público;
Madrid-Este;28035305;IES;ALONSO QUIJANO;Paseo De Las Moreras, 1 ;Alcalá de Henares;-;28803;918821411;918817229;Público;
Madrid-Norte;28040611;IES;AL-SATT;Avenida De Europa, S/n ;Algete;-;28110;916282412;916282636;Público;
Madrid-Norte;28036991;IES;ANGEL CORELLA;Calle Del Pradillo, 3 ;Colmenar Viejo;-;28770;918455650;918463022;Público;
Madrid-Este;28044768;IES;ANSELMO LORENZO;Avenida Abogados De Atocha, 4 ;San Martín de la Vega;-;28330;918087800;918958064;Público;
Madrid-Sur;28042671;IES;ANTONIO DE NEBRIJA;Avenida De La O.n.u., 81 ;Móstoles;-;28936;916466443;916465334;Público;
Madrid-Sur;28042085;IES;ANTONIO GALA;Calle Hermanos Grimm, 3 ;Móstoles;-;28935;916145263;916184304;Público;
Madrid-Este;28041391;IES;ANTONIO GAUDI;Calle Del Júcar, 1 ;Coslada;-;28823;916733314;916733427;Público;
Madrid-Oeste;28058640;IES;ARQUITECTO VENTURA RODRIGUEZ;Calle De Severo Ochoa, 4 ;Boadilla del Monte;-;28660;916336271;916339594;Público;
Madrid-Norte;28058639;IES;ATENEA;Plaza Santiago De Chuco, 1 ;San Sebastián de los Reyes;-;28702;916590934;91-6513469;Público;
Madrid-Sur;28045815;IES;AVALON;Calle Dalí, 50 ;Valdemoro;-;28342;918953211;918955555;Público;
Madrid-Capital;28020201;IES;BARRIO SIMANCAS;Calle De Zaratán, 6 ;Madrid;San Blas-Canillejas;28037;913041570;917545083;Público;
Madrid-Sur;28041512;IES;CALATALIFA;Calle San Antonio, 2 ;Villaviciosa de Odón;-;28670;916169295;916169296;Público;
Madrid-Sur;28067628;IES;CALDERON DE LA BARCA;Calle Francisco Bores, 3 ;Pinto;-;28320;916706645;916706938;Público;
Madrid-Oeste;28044306;IES;CARMEN CONDE;Avenida De Atenas, 45bis ;Rozas de Madrid, Las;-;28232;916319487;916317252;Público;
Madrid-Oeste;28022207;IES;CARMEN MARTÍN GAITE;Avenida Del Marqués De Santillana, 14 ;Moralzarzal;-;28411;918578517;918578929;Público;
Madrid-Este;28040684;IES;CARPE DIEM;Calle Álvarez Laviada, 3 ;Chinchón;-;28370;918940214;918935138;Público;
Madrid-Capital;28032481;IES;CIUDAD DE JAEN;Camino Del Río, 5 ;Madrid;Usera;28041;913173000;913171528;Público;
Madrid-Sur;28038884;IES;CLARA CAMPOAMOR;Avenida De Alcorcón, 1 ;Móstoles;-;28936;916462125;916470309;Público;
Madrid-Capital;28030186;IES;DAMASO ALONSO;Calle De Alfredo Marquerie, 21 ;Madrid;Fuencarral-El Pardo;28034;917388675;917390683;Público;
Madrid-Oeste;28040714;IES;DE GUADARRAMA;Carretera Del Escorial, S/n ;Guadarrama;-;28440;918542212;918547122;Público;
Madrid-Este;28044744;IES;DOCTOR MARAÑON;Calle Alejo Carpentier, 1 ;Alcalá de Henares;-;28806;918788137;918826047;Público;
Madrid-Sur;28042051;IES;DOLORES IBARRURI;Calle De Los Arados, 9 ;Fuenlabrada;-;28944;916062181;916159272;Público;
Madrid-Sur;28001629;IES;DOMENICO SCARLATTI;Calle De Valeras, 22 ;Aranjuez;-;28300;918910057;918923723;Público;
Madrid-Este;28044756;IES;DUQUE DE RIVAS;Paseo De La Chopera, 64 ;Rivas-Vaciamadrid;-;28523;916665259;916668388;Público;
Madrid-Este;28001769;IES;EL CARRASCAL;Avenida Del Instituto, S/n ;Arganda del Rey;-;28500;918760082;918701851;Público;
Madrid-Oeste;28046364;IES;EL ESCORIAL;Avenida Fresneda, S/n ;Escorial, El;-;28280;918907161;918969305;Público;
Madrid-Capital;28013899;IES;EL ESPINILLO ;Calle De La Unanimidad, 15 ;Madrid;Villaverde;28041;917239150;917239151;Público;
Madrid-Sur;28044720;IES;EL OLIVO;Calle Felipe Ii, 11 ;Parla;-;28982;916055311;916055310;Público;
Madrid-Sur;28078547;IES;ELISA SORIANO FISCHER;Avenida Avda. De Méjico, 1 ;Getafe;-;28907;639112417;-;Público;
Madrid-Sur;28042668;IES;EUROPA;Avenida De Alcorcón, 9 ;Móstoles;-;28936;916468267;916467283;Público;
Madrid-Este;28046522;IES;EUROPA;Avenida Cerro Del Telégrafo, 2 ;Rivas-Vaciamadrid;-;28522;916702756;913011087;Público;
Madrid-Capital;28074918;IES;FRANCISCO AYALA;Calle Del Jacobeo, 33 ;Madrid;Carabanchel;28054;915116804;915080647;Público;
Madrid-Norte;28000753;IES;FRANCISCO GINER DE LOS RIOS;Carretera De Barajas, 1,2 ;Alcobendas;-;28108;916525466;916511164;Público;
Madrid-Sur;28042036;IES;GABRIEL GARCIA MARQUEZ;Calle Beatriz Galindo, 6 ;Leganés;-;28914;914811290;916800590;Público;
Madrid-Oeste;28023911;IES;GERARDO DIEGO;Calle Irlanda, S/n ;Pozuelo de Alarcón;-;28224;913521003;913523965;Público;
Madrid-Capital;28020582;IES;GÓMEZ MORENO;Avenida De Hellín, 5 ;Madrid;San Blas-Canillejas;28037;913209142;913203095;Público;
Madrid-Norte;28028611;IES;GONZALO TORRENTE BALLESTER;Avenida De Aragón, 12 ;San Sebastián de los Reyes;-;28702;916526533;916522071;Público;
Madrid-Este;28039724;IES;GRANDE COVIAN;Camino Del Molino, 8 ;Arganda del Rey;-;28500;918700363;918700453;Público;
Madrid-Capital;28020119;IES;GREGORIO MARAÑON;Avenida De El Ferrol, 43 ;Madrid;Fuencarral-El Pardo;28029;917310421;917380949;Público;
Madrid-Oeste;28046558;IES;GREGORIO PECES-BARBA;Carretera De Villanueva Del Pardillo, S/n ;Colmenarejo;-;28270;918424540;918424541;Público;
Madrid-Norte;28040672;IES;GUSTAVO ADOLFO BECQUER;Avenida De Europa, S/n ;Algete;-;28110;916291601;916281489;Público;
Madrid-Sur;28030216;IES;HUMANEJOS;Avenida Juan Carlos I, 19 ;Parla;-;28981;916982906;916982860;Público;
Madrid-Sur;28045803;IES;HUMANES;Avenida De Los Deportes, 12 ;Humanes de Madrid;-;28970;914982020;914982011;Público;
Madrid-Capital;28038823;IES;ISAAC NEWTON;Calle De Joaquín Lorenzo, 2 ;Madrid;Fuencarral-El Pardo;28035;913732052;913732177;Público;
Madrid-Este;28038835;IES;ISIDRA DE GUZMÁN;Calle Gardenia, 29 ;Alcalá de Henares;-;28803;918808462;918887926;Público;
Madrid-Capital;28038379;IES;ISLAS FILIPINAS;Calle De Jesús Maestro, 3 ;Madrid;Chamberí;28003;915544349;915537592;Público;
Madrid-Capital;28040741;IES;ITURRALDE;Calle De Nuestra Señora De La Luz, 53 ;Madrid;Latina;28047;914626822;914627744;Público;
Madrid-Oeste;28002415;IES;JAIME FERRAN;Calle Matalpino, 22 ;Collado Villalba;-;28400;918501571;918508523;Público;
Madrid-Este;28038616;IES;JAIME FERRÁN CLÚA;Avenida Jean Paul Sartre, S/n ;San Fernando de Henares;-;28830;916723539;916698517;Público;
Madrid-Sur;28069844;IES;JIMENA MENENDEZ PIDAL;Camino Del Molino, 3 ;Fuenlabrada;-;28942;914869491;914863230;Público;
Madrid-Sur;28042048;IES;JOAQUIN ARAUJO;Calle De La Fuente, 36 ;Fuenlabrada;-;28944;916000315;917031884;Público;
Madrid-Sur;28074037;IES;JORGE GUILLEN;Calle Olimpico Fernandez Ochoa, S/n ;Alcorcón;-;28923;916415711;916442924;Público;
Madrid-Norte;28001678;IES;JORGE MANRIQUE;Calle Del Mar Adriático, 2 ;Tres Cantos;-;28760;918040964;918046515;Público;
Madrid-Sur;28003882;IES;JOSE DE CHURRIGUERA;Calle Constitución De Cádiz, 1 ;Leganés;-;28914;916946011;916938962;Público;
Madrid-Sur;28040696;IES;JOSÉ HIERRO;Avenida De Juan Carlos I, 9 ;Getafe;-;28905;916821213;916810373;Público;
Madrid-Este;28058627;IES;JOSE SARAMAGO;Camino De Valdearganda, 8 ;Arganda del Rey;-;28500;918757890;918712127;Público;
Madrid-Sur;28039700;IES;JOSEFINA ALDECOA;Calle De Sahagún, S/n ;Alcorcón;-;28925;916125261;916125361;Público;
Madrid-Sur;28002181;IES;JUAN CARLOS I;Calle De San Francisco, S/n ;Ciempozuelos;-;28350;918930158;918933080;Público;
Madrid-Capital;28041433;IES;JUANA DE CASTILLA;Calle De Valdebernardo, 3 ;Madrid;Moratalaz;28030;917726666;913710669;Público;
Madrid-Sur;28039797;IES;JULIO CARO BAROJA;Calle De La Habana, 2 ;Fuenlabrada;-;28945;916060313;916159910;Público;
Madrid-Capital;28028453;IES;LA ESTRELLA;Calle De La Estrella Polar, 10 ;Madrid;Retiro;28007;914095211;914097680;Público;
Madrid-Sur;28041482;IES;LA LAGUNA;Camino Del Salmoral, S/n ;Parla;-;28981;916051520;916051862;Público;
Madrid-Sur;28072107;IES;LA SENDA;Senda De Mafalda, 2 ;Getafe;-;28905;916810212;916823884;Público;
Madrid-Sur;28039827;IES;LAGUNA DE JOATZEL;Avenida Vascongadas, S/n ;Getafe;-;28903;916832026;916830013;Público;
Madrid-Oeste;28041597;IES;LAS CANTERAS;Calle Peñalara, 2 ;Collado Villalba;-;28400;918513438;918513588;Público;
Madrid-Oeste;28028571;IES;LAS ROZAS I;Calle Real, 52 ;Rozas de Madrid, Las;-;28231;916374006;916374323;Público;
Madrid-Este;28060373;IES;LAZARO CARRETER;Calle Pio Baroja, 7 ;Alcalá de Henares;-;28806;918770290;918833019;Público;
Madrid-Este;28030228;IES;LEON FELIPE;Calle San Fernando, S/n ;Torrejón de Ardoz;-;28850;916768112;916765566;Público;
Madrid-Oeste;28032501;IES;LEONARDO DA VINCI;Avenida Guadarrama, 42 ;Majadahonda;-;28220;916387423;916387513;Público;
Madrid-Sur;28026092;IES;LOS CASTILLOS;Avenida De Los Castillos, 5 ;Alcorcón;-;28925;916121063;916119451;Público;
Madrid-Este;28042607;IES;LUIS BRAILLE;Calle De Luis Braille, 42 ;Coslada;-;28822;916697200;916694783;Público;
Madrid-Norte;28064044;IES;LUIS GARCIA BERLANGA;Camino De Chozas, S/n ;Guadalix de la Sierra;-;28794;918470636;918470520;Público;
Madrid-Este;28045037;IES;MANUEL DE FALLA;Avenida De Manuel Azaña, 32 ;Coslada;-;28822;916691182;916691492;Público;
Madrid-Sur;28003900;IES;MARIA ZAMBRANO;Calle Alpujarras, 52 ;Leganés;-;28915;916880222;916804235;Público;
Madrid-Capital;28028431;IES;MARIANO JOSE DE LARRA;Calle De Camarena, 181 ;Madrid;Latina;28047;917192105;917192304;Público;
Madrid-Sur;28003201;IES;MATEMATICO PUIG ADAM;Calle Toledo, 45 ;Getafe;-;28901;916950279;916969962;Público;
Madrid-Sur;28074669;IES;MENENDEZ PELAYO;Avenida De Las Ciudades, S/n ;Getafe;-;28903;916821511;916817291;Público;
Madrid-Este;28002580;IES;MIGUEL CATALAN;Avenida De José Gárate, S/n ;Coslada;-;28823;916727142;916727111;Público;
Madrid-Sur;28050720;IES;MIGUEL DE CERVANTES;Paseo De Arroyomolinos, 58 ;Móstoles;-;28938;916452469;916466098;Público;
Madrid-Este;28041445;IES;MIGUEL DELIBES;Avenida De Juan Gris, 44 ;Mejorada del Campo;-;28840;916680143;916681443;Público;
Madrid-Sur;28042097;IES;MIGUEL HERNÁNDEZ;Avenida De Carlos V, 1 ;Móstoles;-;28936;916468193;916466051;Público;
Madrid-Sur;28038446;IES;NARCIS MONTURIOL;Calle Leganés, 38 ;Parla;-;28981;916982811;916981510;Público;
Madrid-Sur;28074062;IES;NEIL ARMSTRONG;Ronda San Sebastian, 10 ;Valdemoro;-;28341;639314247;918019537;Público;
Madrid-Sur;28070974;IES;NICOLAS COPERNICO;Avenida Del Sistema Solar, 8 ;Parla;-;28983;918295357;918295364;Público;
Madrid-Capital;28058603;IES;NUMANCIA;Calle De Las Marismas, 14 ;Madrid;Puente de Vallecas;28038;915015001;915014989;Público;
Madrid-Sur;28042024;IES;PABLO NERUDA;Calle Maestro, 31 ;Leganés;-;28914;916801909;916864889;Público;
Madrid-Capital;28020727;IES;PARQUE ALUCHE;Calle De Maqueda, 86 ;Madrid;Latina;28024;917182610;917182498;Público;
Madrid-Sur;28072223;IES;PEDRO DUQUE;Calle Beatriz Galindo, 1-3 ;Leganés;-;28914;916889133;916800999;Público;
Madrid-Capital;28074244;IES;PEDRO SALINAS;Calle Del General Marvá, 24-26 ;Madrid;Usera;28026;915699236;915699235;Público;
Madrid-Norte;28042103;IES;PINTOR ANTONIO LOPEZ;Calle Del Orégano, 1 ;Tres Cantos;-;28760;918039102;918030328;Público;
Madrid-Sur;28030241;IES;PRADO DE SANTO DOMINGO;Avenida Esteban Marquez, 3 ;Alcorcón;-;28922;916439100;916432363;Público;
Madrid-Sur;28041470;IES;PROFESOR ANGEL YSERN;Paseo De La Estación, S/n ;Navalcarnero;-;28600;918101230;918112560;Público;
Madrid-Este;28050732;IES;PROFESOR JULIO PEREZ;Avenida De Levante, 141 ;Rivas-Vaciamadrid;-;28521;916704112;916704113;Público;
Madrid-Capital;28030150;IES;RAMON Y CAJAL;Avenida De Manoteras, 55 ;Madrid;Hortaleza;28050;917660911;917665080;Público;
Madrid-Capital;28020624;IES;REY PASTOR;Calle Del Corregidor José De Pasamonte, 17 ;Madrid;Moratalaz;28030;914392661;914371764;Público;
Madrid-Norte;28042981;IES;ROSA CHACEL;Calle De Las Huertas, 68 ;Colmenar Viejo;-;28770;918464801;918463646;Público;
Madrid-Sur;28039803;IES;SALVADOR ALLENDE;Calle De Andalucía, 12 ;Fuenlabrada;-;28941;916977213;916098879;Público;
Madrid-Sur;28038291;IES;SALVADOR DALI;Calle Austria, 7 ;Leganés;-;28916;916862999;916802709;Público;
Madrid-Capital;28039876;IES;SALVADOR DALÍ;Calle De Verdaguer Y García, 2 ;Madrid;Ciudad Lineal;28027;914049490;913264503;Público;
Madrid-Capital;28034441;IES;SAN ISIDORO DE SEVILLA;Plaza Del Marqués De Comillas, 1 ;Madrid;Chamberí;28040;915330607;915330337;Público;
Madrid-Capital;28018368;IES;SANTA ENGRACIA;Calle De Santa Engracia, 13 ;Madrid;Chamberí;28010;914477234;914472290;Público;
Madrid-Sur;28062011;IES;SANTIAGO RUSIÑOL;Calle Alhambra De Granada ;Aranjuez;-;28300;918090245;918754642;Público;
Madrid-Oeste;28050562;IES;SAPERE AUDE;Avenida De Los Estudiantes, 4 ;Villanueva del Pardillo;-;28229;918151519;918151764;Público;
Madrid-Sur;28041615;IES;SATAFI;Avenida De Las Ciudades, 104 ;Getafe;-;28903;916830601;916817173;Público;
Madrid-Este;28045773;IES;SENDA GALIANA;Calle Palmeras, 10 ;Torres de la Alameda;-;28813;918858820;918858436;Público;
Madrid-Norte;28038847;IES;SEVERO OCHOA;Calle De Francisco Chico Mendes, 3 ;Alcobendas;-;28108;916620443;916612579;Público;
Madrid-Norte;28057751;IES;SIERRA DE GUADARRAMA;Avenida Soto, 1 ;Soto del Real;-;28791;918479299;918477010;Público;
Madrid-Este;28042681;IES;VALLE INCLAN;Calle Juncal, 14 ;Torrejón de Ardoz;-;28850;916773057;916774289;Público;
Madrid-Sur;28042991;IES;VICTORIA KENT;Camino Polvoranca, S/n ;Fuenlabrada;-;28942;916084625;916490013;Público;
Madrid-Este;28045049;IES;VILLAREJO DE SALVANÉS;Avenida De Santa Elena, S/n ;Villarejo de Salvanés;-;28590;918744960;918742210;Público;
Madrid-Capital;28020341;IES;VIRGEN DE LA PALOMA;Calle De Francos Rodríguez, 106 ;Madrid;Moncloa-Aravaca;28039;913980300;914507310;Público;
Madrid-Este;28046297;SIES;SECCION DEL IES ANSELMO LORENZO EN MORATA TAJUÑA;Calle Doctor Sánchez Pérez, 1 ;Morata de Tajuña;-;28530;918730777;918730917;Público;
Madrid-Este;28046285;SIES;SECCION DEL IES CARPE DIEM EN COLMENAR OREJA;Calle Madrid, 25 ;Colmenar de Oreja;-;28380;918089298;918089208;Público;
Madrid-Capital;28063799;CP INF-PRI-SEC;ADOLFO SUAREZ;Calle De La Infanta Catalina Micaela, 31 ;Madrid;Hortaleza;28050;917502058;917189274;Público;
Madrid-Este;28070721;CP INF-PRI-SEC;BEETHOVEN;Calle Montserrat Roig, 8 ;Torrejón de Ardoz;-;28850;914885016;914886550;Público;
Madrid-Oeste;28060348;CP INF-PRI-SEC;EL CANTIZAL;Avenida De Atenas, S/n ;Rozas de Madrid, Las;-;28232;916030099;916317527;Público;
Madrid-Oeste;28057076;CP INF-PRI-SEC;EL ENCINAR;Calle Ribadesella, S/n ;Torrelodones;-;28250;918593112;918592885;Público;
Madrid-Oeste;28001812;CP INF-PRI-SEC;JUAN RAMON JIMENEZ;Paseo De San Sebastián, 23 ;Becerril de la Sierra;-;28490;918538064;918555468;Público;
Madrid-Sur;28070691;CP INF-PRI-SEC;MAESTRO RODRIGO;Avenida Memorial De La Paz De Hiroshima, S/n ;Aranjuez;-;28300;918927841;918928169;Público;
Madrid-Oeste;28057088;CP INF-PRI-SEC;MARIA MOLINER;Avenida Rioja, 14 ;Villanueva de la Cañada;-;28691;918155505;918106692;Público;
Madrid-Norte;28002853;CP INF-PRI-SEC;MARTINA GARCIA;Avenida Julián Sánchez, 17 ;Fuente el Saz de Jarama;-;28140;916200825;916224053;Público;
Madrid-Oeste;28064160;CP INF-PRI-SEC;PRINCIPES DE ASTURIAS;Calle Atlántico Del Paular, 8 ;Pozuelo de Alarcón;-;28224;917140919;913515144;Público;
Madrid-Sur;28060270;CP INF-PRI-SEC;SALVADOR DALI;Calle De La Tia Javiera, S/n ;Fuenlabrada;-;28942;916046230;916047303;Público;
Madrid-Norte;28022891;CP INF-PRI-SEC;VICENTE ALEIXANDRE;Avenida De La Constitución, 29 ;Miraflores de la Sierra;-;28792;918443873;918445212;Público;
